accountId,fosterPasswordHash,fosterId,applicantId
KongsomboonvechK@msn.com,02fe2b1a1f40501a43b88daa69f893fe,51000,
PetersonK@gmail.com,ebb1142f48d20fddaff6362984bd8038,51001,
BellB@aol.com,54b8029c9cee1b323f3b5688cf37deec,51002,
el-HashimS@msn.com,ebb1142f48d20fddaff6362984bd8038,51003,
el-MinhasA@gmail.com,54b8029c9cee1b323f3b5688cf37deec,51004,
CornejoT@aol.com,02fe2b1a1f40501a43b88daa69f893fe,51005,
TrujilloM@aol.com,52dcb810931e20f7aa2f49b3510d3805,51006,
al-RahaimA@msn.com,02fe2b1a1f40501a43b88daa69f893fe,51007,
Villalobos GonzalezL@gmail.com,52dcb810931e20f7aa2f49b3510d3805,51008,
ElhussenT@aol.com,31e2ab16d8c46fcd4eba4682834838ce,51009,
al-RasulZ@msn.com,68e65e7b2640745a2a3e975a95a17cca,51010,
RichardsonH@gmail.com,68e65e7b2640745a2a3e975a95a17cca,51011,
SchillK@aol.com,68e65e7b2640745a2a3e975a95a17cca,51012,
Viurquez-FloresT@aol.com,68e65e7b2640745a2a3e975a95a17cca,51013,
SalazarK@msn.com,54b8029c9cee1b323f3b5688cf37deec,51014,
al-MinhasA@gmail.com,7e4143e023d8a7a03408008fff5c29a0,51015,
LeS23@aol.com,31e2ab16d8c46fcd4eba4682834838ce,51016,
LehiM@aol.com,02fe2b1a1f40501a43b88daa69f893fe,51017,
Khan-AkbariP@msn.com,7d6bdbb929ef1f5ffab53d561cd99924,51018,
al-BadourK@msn.com,ebb1142f48d20fddaff6362984bd8038,51019,
al-RassiU@gmail.com,68e65e7b2640745a2a3e975a95a17cca,51020,
SchmittH@aol.com,68e65e7b2640745a2a3e975a95a17cca,51021,
RicoA@aol.com,ebb1142f48d20fddaff6362984bd8038,51022,
al-HaqueR@msn.com,68e65e7b2640745a2a3e975a95a17cca,51023,
GonzalezJ@gmail.com,7e4143e023d8a7a03408008fff5c29a0,51024,
LeighS@aol.com,31e2ab16d8c46fcd4eba4682834838ce,51025,
MendozaA@aol.com,02fe2b1a1f40501a43b88daa69f893fe,51026,
VillanuevaN@msn.com,7d6bdbb929ef1f5ffab53d561cd99924,51027,
KwonK@gmail.com,ebb1142f48d20fddaff6362984bd8038,51028,
DeereT@gmail.com,52dcb810931e20f7aa2f49b3510d3805,51029,
el-AlleeI@aol.com,68e65e7b2640745a2a3e975a95a17cca,51030,
el-AbdallahS@aol.com,31e2ab16d8c46fcd4eba4682834838ce,51031,
TolerA@msn.com,7d6bdbb929ef1f5ffab53d561cd99924,51032,
McfarlandJ@gmail.com,02fe2b1a1f40501a43b88daa69f893fe,51033,
SwiftE@aol.com,68e65e7b2640745a2a3e975a95a17cca,51034,
HalliburtonD@msn.com,02fe2b1a1f40501a43b88daa69f893fe,51035,
JaramilloJ@aol.com,02fe2b1a1f40501a43b88daa69f893fe,51036,
HaK@aol.com,7d6bdbb929ef1f5ffab53d561cd99924,51037,
IritaniA@gmail.com,68e65e7b2640745a2a3e975a95a17cca,51038,
WongS@aol.com,31e2ab16d8c46fcd4eba4682834838ce,51039,
ClarkM@aol.com,68e65e7b2640745a2a3e975a95a17cca,51040,
CarterC@gmail.com,52dcb810931e20f7aa2f49b3510d3805,51041,
WatkinsC@msn.com,ebb1142f48d20fddaff6362984bd8038,51042,
HiltsN@aol.com,7d6bdbb929ef1f5ffab53d561cd99924,51043,
VogltanzB@aol.com,02fe2b1a1f40501a43b88daa69f893fe,51044,
JacketS@gmail.com,ebb1142f48d20fddaff6362984bd8038,51045,
KhanthavongA@msn.com,7d6bdbb929ef1f5ffab53d561cd99924,51046,
FabelaN@aol.com,02fe2b1a1f40501a43b88daa69f893fe,51047,
DuongA@aol.com,68e65e7b2640745a2a3e975a95a17cca,51048,
el-ShehadehS@msn.com,7d6bdbb929ef1f5ffab53d561cd99924,51049,
KasperT@aol.com,02fe2b1a1f40501a43b88daa69f893fe,51050,
BurnsS@aol.com,7e4143e023d8a7a03408008fff5c29a0,51051,
SmithM@gmail.com,7d6bdbb929ef1f5ffab53d561cd99924,51052,
PinnecooseA@msn.com,ebb1142f48d20fddaff6362984bd8038,51053,
CardenasM@aol.com,54b8029c9cee1b323f3b5688cf37deec,51054,
SiddiquiA@aol.com,7d6bdbb929ef1f5ffab53d561cd99924,51055,
VigilM@gmail.com,54b8029c9cee1b323f3b5688cf37deec,51056,
PowellA@msn.com,7e4143e023d8a7a03408008fff5c29a0,51057,
al-PiraniJ@aol.com,ebb1142f48d20fddaff6362984bd8038,51058,
MitchellD@gmail.com,02fe2b1a1f40501a43b88daa69f893fe,51059,
LamarA@msn.com,31e2ab16d8c46fcd4eba4682834838ce,51060,
EberhartT@aol.com,7e4143e023d8a7a03408008fff5c29a0,51061,
HarrisonS@aol.com,31e2ab16d8c46fcd4eba4682834838ce,51062,
FarmerK@gmail.com,ebb1142f48d20fddaff6362984bd8038,51063,
RosenlofK@msn.com,7e4143e023d8a7a03408008fff5c29a0,51064,
JohnsonJ@aol.com,7e4143e023d8a7a03408008fff5c29a0,51065,
MarshallJ@aol.com,ebb1142f48d20fddaff6362984bd8038,51066,
PelzK@gmail.com,68e65e7b2640745a2a3e975a95a17cca,51067,
BergJ@msn.com,02fe2b1a1f40501a43b88daa69f893fe,51068,
StibbsT@aol.com,68e65e7b2640745a2a3e975a95a17cca,51069,
BarnhillN@gmail.com,52dcb810931e20f7aa2f49b3510d3805,51070,
GutierrezP@msn.com,31e2ab16d8c46fcd4eba4682834838ce,51071,
DaytonJ@aol.com,68e65e7b2640745a2a3e975a95a17cca,51072,
FosterP@aol.com,31e2ab16d8c46fcd4eba4682834838ce,51073,
BergnerK@gmail.com,54b8029c9cee1b323f3b5688cf37deec,51074,
JenningsH@msn.com,7e4143e023d8a7a03408008fff5c29a0,51075,
BondC@aol.com,68e65e7b2640745a2a3e975a95a17cca,51076,
GarciaJ@aol.com,7e4143e023d8a7a03408008fff5c29a0,51077,
MitchellC@gmail.com,7d6bdbb929ef1f5ffab53d561cd99924,51078,
Iron WingN@aol.com,54b8029c9cee1b323f3b5688cf37deec,51079,
KimT@aol.com,68e65e7b2640745a2a3e975a95a17cca,51080,
HillA@gmail.com,68e65e7b2640745a2a3e975a95a17cca,51081,
LoftonB@msn.com,31e2ab16d8c46fcd4eba4682834838ce,51082,
ScottK@aol.com,ebb1142f48d20fddaff6362984bd8038,51083,
LenardM@aol.com,52dcb810931e20f7aa2f49b3510d3805,51084,
YirdawI@gmail.com,02fe2b1a1f40501a43b88daa69f893fe,51085,
al-TahirM@msn.com,31e2ab16d8c46fcd4eba4682834838ce,51086,
al-BaigS@aol.com,52dcb810931e20f7aa2f49b3510d3805,51087,
el-RamadanR@aol.com,31e2ab16d8c46fcd4eba4682834838ce,51088,
LeA@msn.com,ebb1142f48d20fddaff6362984bd8038,51089,
HoltG@aol.com,ebb1142f48d20fddaff6362984bd8038,51090,
VigilK@aol.com,ebb1142f48d20fddaff6362984bd8038,51091,
Jones-MaloneD@gmail.com,7d6bdbb929ef1f5ffab53d561cd99924,51092,
EvansT@msn.com,7d6bdbb929ef1f5ffab53d561cd99924,51093,
RobertsV@aol.com,68e65e7b2640745a2a3e975a95a17cca,51094,
ParkK@aol.com,52dcb810931e20f7aa2f49b3510d3805,51095,
MunioK@gmail.com,31e2ab16d8c46fcd4eba4682834838ce,51096,
EchohawkJ@msn.com,31e2ab16d8c46fcd4eba4682834838ce,51097,
HendersonR@aol.com,02fe2b1a1f40501a43b88daa69f893fe,51098,
ClarkB@aol.com,68e65e7b2640745a2a3e975a95a17cca,51099,
Campos-CastroL@gmail.com,ebb1142f48d20fddaff6362984bd8038,51100,
CostelloK@msn.com,02fe2b1a1f40501a43b88daa69f893fe,51101,
ThomasC@aol.com,31e2ab16d8c46fcd4eba4682834838ce,51102,
al-SalamR@aol.com,7e4143e023d8a7a03408008fff5c29a0,51103,
TempleM@gmail.com,31e2ab16d8c46fcd4eba4682834838ce,51104,
el-KamaraZ@msn.com,52dcb810931e20f7aa2f49b3510d3805,51105,
al-HammadM@aol.com,7d6bdbb929ef1f5ffab53d561cd99924,51106,
Corral RochaK@aol.com,31e2ab16d8c46fcd4eba4682834838ce,51107,
HesterT@gmail.com,7d6bdbb929ef1f5ffab53d561cd99924,51108,
ArguelloC@aol.com,68e65e7b2640745a2a3e975a95a17cca,51109,
al-SulaimanF@aol.com,02fe2b1a1f40501a43b88daa69f893fe,51110,
ManglonaM@gmail.com,7d6bdbb929ef1f5ffab53d561cd99924,51111,
MasingaleS@msn.com,68e65e7b2640745a2a3e975a95a17cca,51112,
el-MannanN@aol.com,68e65e7b2640745a2a3e975a95a17cca,51113,
SciortinoS@aol.com,7d6bdbb929ef1f5ffab53d561cd99924,51114,
OteroT@gmail.com,54b8029c9cee1b323f3b5688cf37deec,51115,
SanchezA@msn.com,7d6bdbb929ef1f5ffab53d561cd99924,51116,
al-AwanH@aol.com,7d6bdbb929ef1f5ffab53d561cd99924,51117,
CandelariaC@aol.com,02fe2b1a1f40501a43b88daa69f893fe,51118,
ByrdJ@msn.com,68e65e7b2640745a2a3e975a95a17cca,51119,
BacaS@aol.com,02fe2b1a1f40501a43b88daa69f893fe,51120,
KimS@aol.com,7e4143e023d8a7a03408008fff5c29a0,51121,
HankawaJ@gmail.com,68e65e7b2640745a2a3e975a95a17cca,51122,
IantornoJ@msn.com,68e65e7b2640745a2a3e975a95a17cca,51123,
Laduke BlueK@aol.com,02fe2b1a1f40501a43b88daa69f893fe,51124,
el-NaderiM@aol.com,7d6bdbb929ef1f5ffab53d561cd99924,51125,
HolidayJ@gmail.com,02fe2b1a1f40501a43b88daa69f893fe,51126,
KrpanK@msn.com,02fe2b1a1f40501a43b88daa69f893fe,51127,
ToddS@aol.com,7d6bdbb929ef1f5ffab53d561cd99924,51128,
WallmanE@gmail.com,7d6bdbb929ef1f5ffab53d561cd99924,51129,
CarrilloK@msn.com,68e65e7b2640745a2a3e975a95a17cca,51130,
al-MoradiL@aol.com,31e2ab16d8c46fcd4eba4682834838ce,51131,
BrandonC@aol.com,02fe2b1a1f40501a43b88daa69f893fe,51132,
NelsonC@gmail.com,52dcb810931e20f7aa2f49b3510d3805,51133,
TrujilloA@msn.com,7e4143e023d8a7a03408008fff5c29a0,51134,
NavarroE@aol.com,52dcb810931e20f7aa2f49b3510d3805,51135,
AyersK@aol.com,02fe2b1a1f40501a43b88daa69f893fe,51136,
RieberE@gmail.com,7d6bdbb929ef1f5ffab53d561cd99924,51137,
al-RashidZ@msn.com,02fe2b1a1f40501a43b88daa69f893fe,51138,
WhiteL@aol.com,31e2ab16d8c46fcd4eba4682834838ce,51139,
ChareunsoukG@gmail.com,ebb1142f48d20fddaff6362984bd8038,51140,
WhiteM@msn.com,52dcb810931e20f7aa2f49b3510d3805,51141,
MusselmanC@aol.com,68e65e7b2640745a2a3e975a95a17cca,51142,
ComptonT@aol.com,02fe2b1a1f40501a43b88daa69f893fe,51143,
al-MusaM@gmail.com,52dcb810931e20f7aa2f49b3510d3805,51144,
TanH@msn.com,52dcb810931e20f7aa2f49b3510d3805,51145,
VanL@aol.com,31e2ab16d8c46fcd4eba4682834838ce,51146,
RichterP@aol.com,31e2ab16d8c46fcd4eba4682834838ce,51147,
Dare-NickleA@gmail.com,7d6bdbb929ef1f5ffab53d561cd99924,51148,
KingD@aol.com,7e4143e023d8a7a03408008fff5c29a0,51149,
al-AllyH@aol.com,68e65e7b2640745a2a3e975a95a17cca,51150,
ColeR@gmail.com,31e2ab16d8c46fcd4eba4682834838ce,51151,
CheesemanS@msn.com,52dcb810931e20f7aa2f49b3510d3805,51152,
PabloR@aol.com,68e65e7b2640745a2a3e975a95a17cca,51153,
LittleE@aol.com,54b8029c9cee1b323f3b5688cf37deec,51154,
MasonS@gmail.com,7d6bdbb929ef1f5ffab53d561cd99924,51155,
Gonzalez-SalinaB@msn.com,7d6bdbb929ef1f5ffab53d561cd99924,51156,
WilsonT@aol.com,68e65e7b2640745a2a3e975a95a17cca,51157,
JonesA@aol.com,68e65e7b2640745a2a3e975a95a17cca,51158,
MccaulM@msn.com,68e65e7b2640745a2a3e975a95a17cca,51159,
VigilB@aol.com,02fe2b1a1f40501a43b88daa69f893fe,51160,
ThomasM@aol.com,7d6bdbb929ef1f5ffab53d561cd99924,51161,
AcevedoJ@gmail.com,54b8029c9cee1b323f3b5688cf37deec,51162,
HornbuckleP@msn.com,31e2ab16d8c46fcd4eba4682834838ce,51163,
ReidJ@aol.com,ebb1142f48d20fddaff6362984bd8038,51164,
MontoyaD@aol.com,54b8029c9cee1b323f3b5688cf37deec,51165,
LangeA@gmail.com,ebb1142f48d20fddaff6362984bd8038,51166,
NixJ@msn.com,52dcb810931e20f7aa2f49b3510d3805,51167,
MattinglyJ@aol.com,54b8029c9cee1b323f3b5688cf37deec,51168,
BarbourM@gmail.com,7d6bdbb929ef1f5ffab53d561cd99924,51169,
MckainG@msn.com,68e65e7b2640745a2a3e975a95a17cca,51170,
KimP@aol.com,31e2ab16d8c46fcd4eba4682834838ce,51171,
el-AbrahamR@aol.com,52dcb810931e20f7aa2f49b3510d3805,51172,
KopaszJ@gmail.com,ebb1142f48d20fddaff6362984bd8038,51173,
BouriciusA@msn.com,7d6bdbb929ef1f5ffab53d561cd99924,51174,
el-MianF@aol.com,7d6bdbb929ef1f5ffab53d561cd99924,51175,
LeS@aol.com,7e4143e023d8a7a03408008fff5c29a0,51176,
YorkZ@gmail.com,7e4143e023d8a7a03408008fff5c29a0,51177,
el-AmeenR@msn.com,31e2ab16d8c46fcd4eba4682834838ce,51178,
ReedA@aol.com,31e2ab16d8c46fcd4eba4682834838ce,51179,
VasquezR@gmail.com,31e2ab16d8c46fcd4eba4682834838ce,51180,
RamirezC@msn.com,31e2ab16d8c46fcd4eba4682834838ce,51181,
WrightR@aol.com,7d6bdbb929ef1f5ffab53d561cd99924,51182,
NakataA@aol.com,ebb1142f48d20fddaff6362984bd8038,51183,
TurnerW@gmail.com,52dcb810931e20f7aa2f49b3510d3805,51184,
AlvarezY@msn.com,ebb1142f48d20fddaff6362984bd8038,51185,
PowellU@aol.com,02fe2b1a1f40501a43b88daa69f893fe,51186,
Galvan-MagallanesB@aol.com,54b8029c9cee1b323f3b5688cf37deec,51187,
LeeS@gmail.com,ebb1142f48d20fddaff6362984bd8038,51188,
HicksT@aol.com,52dcb810931e20f7aa2f49b3510d3805,51189,
DavisD@aol.com,68e65e7b2640745a2a3e975a95a17cca,51190,
NaranjoA@gmail.com,7e4143e023d8a7a03408008fff5c29a0,51191,
BrescianiS@msn.com,ebb1142f48d20fddaff6362984bd8038,51192,
al-YousufI@aol.com,7d6bdbb929ef1f5ffab53d561cd99924,51193,
WhitemanA@aol.com,52dcb810931e20f7aa2f49b3510d3805,51194,
WilliamsS@gmail.com,ebb1142f48d20fddaff6362984bd8038,51195,
KukuckaC@msn.com,7e4143e023d8a7a03408008fff5c29a0,51196,
BarryJ@aol.com,54b8029c9cee1b323f3b5688cf37deec,51197,
al-SattarN@aol.com,ebb1142f48d20fddaff6362984bd8038,51198,
CruzJ@aol.com,ebb1142f48d20fddaff6362984bd8038,51199,
MayhewK@aol.com,68e65e7b2640745a2a3e975a95a17cca,51200,
el-JafriH@gmail.com,31e2ab16d8c46fcd4eba4682834838ce,51201,
LopezS@msn.com,ebb1142f48d20fddaff6362984bd8038,51202,
HedbergM@aol.com,7d6bdbb929ef1f5ffab53d561cd99924,51203,
BoxK@aol.com,7d6bdbb929ef1f5ffab53d561cd99924,51204,
GillespieA@gmail.com,02fe2b1a1f40501a43b88daa69f893fe,51205,
el-ZamaniG@msn.com,02fe2b1a1f40501a43b88daa69f893fe,51206,
HernandezG@aol.com,31e2ab16d8c46fcd4eba4682834838ce,51207,
al-LodiN@aol.com,54b8029c9cee1b323f3b5688cf37deec,51208,
ColborgA@msn.com,02fe2b1a1f40501a43b88daa69f893fe,51209,
NguyenS@aol.com,7e4143e023d8a7a03408008fff5c29a0,51210,
PlottJ@aol.com,31e2ab16d8c46fcd4eba4682834838ce,51211,
el-AbdiM@gmail.com,02fe2b1a1f40501a43b88daa69f893fe,51212,
OlarteR@msn.com,7e4143e023d8a7a03408008fff5c29a0,51213,
CorizJ@aol.com,54b8029c9cee1b323f3b5688cf37deec,51214,
al-BadieM@aol.com,52dcb810931e20f7aa2f49b3510d3805,51215,
CochranC@gmail.com,7d6bdbb929ef1f5ffab53d561cd99924,51216,
CoxM@msn.com,7d6bdbb929ef1f5ffab53d561cd99924,51217,
Vazquez ArvizoR@aol.com,68e65e7b2640745a2a3e975a95a17cca,51218,
DakosM@gmail.com,68e65e7b2640745a2a3e975a95a17cca,51219,
SandovalK@msn.com,31e2ab16d8c46fcd4eba4682834838ce,51220,
EatwellM@aol.com,52dcb810931e20f7aa2f49b3510d3805,51221,
SagoC@aol.com,54b8029c9cee1b323f3b5688cf37deec,51222,
HubregsenJ@gmail.com,31e2ab16d8c46fcd4eba4682834838ce,51223,
el-MustafaS@msn.com,52dcb810931e20f7aa2f49b3510d3805,51224,
GlaisterE@aol.com,31e2ab16d8c46fcd4eba4682834838ce,51225,
NgoJ@aol.com,54b8029c9cee1b323f3b5688cf37deec,51226,
RivasL@gmail.com,02fe2b1a1f40501a43b88daa69f893fe,51227,
CampbellJ@msn.com,7e4143e023d8a7a03408008fff5c29a0,51228,
HernandezD@aol.com,54b8029c9cee1b323f3b5688cf37deec,51229,
ThornhillD@gmail.com,7e4143e023d8a7a03408008fff5c29a0,51230,
BrownS@msn.com,68e65e7b2640745a2a3e975a95a17cca,51231,
al-SadekS@aol.com,68e65e7b2640745a2a3e975a95a17cca,51232,
Runningbear-PaulD@aol.com,02fe2b1a1f40501a43b88daa69f893fe,51233,
GarandK@gmail.com,02fe2b1a1f40501a43b88daa69f893fe,51234,
RazoJ@msn.com,7e4143e023d8a7a03408008fff5c29a0,51235,
NuonR@aol.com,52dcb810931e20f7aa2f49b3510d3805,51236,
Contreras-TorresB@aol.com,31e2ab16d8c46fcd4eba4682834838ce,51237,
WellsK@gmail.com,54b8029c9cee1b323f3b5688cf37deec,51238,
CantuE@aol.com,7e4143e023d8a7a03408008fff5c29a0,51239,
SamoyL@aol.com,52dcb810931e20f7aa2f49b3510d3805,51240,
HayesC@gmail.com,31e2ab16d8c46fcd4eba4682834838ce,51241,
HudsonA@msn.com,68e65e7b2640745a2a3e975a95a17cca,51242,
FinkE@aol.com,68e65e7b2640745a2a3e975a95a17cca,51243,
PerezH@aol.com,02fe2b1a1f40501a43b88daa69f893fe,51244,
el-MostafaM@gmail.com,68e65e7b2640745a2a3e975a95a17cca,51245,
DugoE@msn.com,02fe2b1a1f40501a43b88daa69f893fe,51246,
SidersT@aol.com,02fe2b1a1f40501a43b88daa69f893fe,51247,
BelinskiA@aol.com,7d6bdbb929ef1f5ffab53d561cd99924,51248,
FosterA@msn.com,31e2ab16d8c46fcd4eba4682834838ce,51249,
NguyenJ@aol.com,54b8029c9cee1b323f3b5688cf37deec,51250,
VogelA@aol.com,68e65e7b2640745a2a3e975a95a17cca,51251,
ReavesB@gmail.com,68e65e7b2640745a2a3e975a95a17cca,51252,
Martinez-LimonO@msn.com,31e2ab16d8c46fcd4eba4682834838ce,51253,
DaviesG@aol.com,02fe2b1a1f40501a43b88daa69f893fe,51254,
KhanM@aol.com,7e4143e023d8a7a03408008fff5c29a0,51255,
CrowdisA@gmail.com,54b8029c9cee1b323f3b5688cf37deec,51256,
YatesS@msn.com,7e4143e023d8a7a03408008fff5c29a0,51257,
LeonM@aol.com,7d6bdbb929ef1f5ffab53d561cd99924,51258,
ChildersS@gmail.com,31e2ab16d8c46fcd4eba4682834838ce,51259,
CharlestonB@msn.com,68e65e7b2640745a2a3e975a95a17cca,51260,
KimL@aol.com,68e65e7b2640745a2a3e975a95a17cca,51261,
GibsonA@aol.com,7e4143e023d8a7a03408008fff5c29a0,51262,
AuyeungM@gmail.com,7d6bdbb929ef1f5ffab53d561cd99924,51263,
al-HusainN@msn.com,31e2ab16d8c46fcd4eba4682834838ce,51264,
el-ShehataH@aol.com,7d6bdbb929ef1f5ffab53d561cd99924,51265,
Martinez McgrawM@aol.com,7e4143e023d8a7a03408008fff5c29a0,51266,
LumbaS@gmail.com,02fe2b1a1f40501a43b88daa69f893fe,51267,
HatchS@msn.com,31e2ab16d8c46fcd4eba4682834838ce,51268,
SmithC@aol.com,7d6bdbb929ef1f5ffab53d561cd99924,51269,
Thompson IIK@gmail.com,02fe2b1a1f40501a43b88daa69f893fe,51270,
LawrenceL@msn.com,7d6bdbb929ef1f5ffab53d561cd99924,51271,
HoffmannS@aol.com,02fe2b1a1f40501a43b88daa69f893fe,51272,
HaskinsK@aol.com,7d6bdbb929ef1f5ffab53d561cd99924,51273,
LeeA@gmail.com,7d6bdbb929ef1f5ffab53d561cd99924,51274,
ShawR@msn.com,31e2ab16d8c46fcd4eba4682834838ce,51275,
HarrisI@aol.com,ebb1142f48d20fddaff6362984bd8038,51276,
TopperS@aol.com,54b8029c9cee1b323f3b5688cf37deec,51277,
DavisC@gmail.com,68e65e7b2640745a2a3e975a95a17cca,51278,
FerminK@aol.com,7e4143e023d8a7a03408008fff5c29a0,51279,
al-QasimA@aol.com,68e65e7b2640745a2a3e975a95a17cca,51280,
LanoueT@gmail.com,52dcb810931e20f7aa2f49b3510d3805,51281,
FadlerA@msn.com,31e2ab16d8c46fcd4eba4682834838ce,51282,
Smith-KeagleH@aol.com,52dcb810931e20f7aa2f49b3510d3805,51283,
PattersonS@aol.com,7e4143e023d8a7a03408008fff5c29a0,51284,
AlexL@gmail.com,7d6bdbb929ef1f5ffab53d561cd99924,51285,
FoersterL@msn.com,54b8029c9cee1b323f3b5688cf37deec,51286,
OkochaT@aol.com,52dcb810931e20f7aa2f49b3510d3805,51287,
el-AghaM@aol.com,54b8029c9cee1b323f3b5688cf37deec,51288,
GalloN@msn.com,68e65e7b2640745a2a3e975a95a17cca,51289,
TenC@aol.com,54b8029c9cee1b323f3b5688cf37deec,51290,
RobinsonC@aol.com,31e2ab16d8c46fcd4eba4682834838ce,51291,
MillsN@gmail.com,7e4143e023d8a7a03408008fff5c29a0,51292,
WilliamsD@msn.com,31e2ab16d8c46fcd4eba4682834838ce,51293,
HerreraL@aol.com,ebb1142f48d20fddaff6362984bd8038,51294,
BatheltB@aol.com,7d6bdbb929ef1f5ffab53d561cd99924,51295,
NguyenM@gmail.com,02fe2b1a1f40501a43b88daa69f893fe,51296,
SanchezM@msn.com,31e2ab16d8c46fcd4eba4682834838ce,51297,
al-YousifJ@aol.com,02fe2b1a1f40501a43b88daa69f893fe,51298,
ElliottK@msn.com,54b8029c9cee1b323f3b5688cf37deec,51299,
SmithH@aol.com,68e65e7b2640745a2a3e975a95a17cca,51300,
ParkerH@aol.com,68e65e7b2640745a2a3e975a95a17cca,51301,
BentleyM@gmail.com,ebb1142f48d20fddaff6362984bd8038,51302,
Huling IIIC@msn.com,52dcb810931e20f7aa2f49b3510d3805,51303,
KurthL@aol.com,7e4143e023d8a7a03408008fff5c29a0,51304,
HolidayK@aol.com,7e4143e023d8a7a03408008fff5c29a0,51305,
RobertsA@gmail.com,02fe2b1a1f40501a43b88daa69f893fe,51306,
KitchensB@msn.com,ebb1142f48d20fddaff6362984bd8038,51307,
TennantG@aol.com,7d6bdbb929ef1f5ffab53d561cd99924,51308,
FermanM@gmail.com,54b8029c9cee1b323f3b5688cf37deec,51309,
AragonY@msn.com,7e4143e023d8a7a03408008fff5c29a0,51310,
KaiserM@aol.com,54b8029c9cee1b323f3b5688cf37deec,51311,
GriegoT@aol.com,52dcb810931e20f7aa2f49b3510d3805,51312,
RamkumarD@gmail.com,31e2ab16d8c46fcd4eba4682834838ce,51313,
DinsmoreL@msn.com,68e65e7b2640745a2a3e975a95a17cca,51314,
el-YousufG@aol.com,68e65e7b2640745a2a3e975a95a17cca,51315,
JantzC@aol.com,31e2ab16d8c46fcd4eba4682834838ce,51316,
CarriedoJ@gmail.com,ebb1142f48d20fddaff6362984bd8038,51317,
BegayeC@msn.com,52dcb810931e20f7aa2f49b3510d3805,51318,
MarfilE@aol.com,52dcb810931e20f7aa2f49b3510d3805,51319,
HishinumaB@gmail.com,7d6bdbb929ef1f5ffab53d561cd99924,51320,
al-DiabA@msn.com,68e65e7b2640745a2a3e975a95a17cca,51321,
IlgenfritzD@aol.com,02fe2b1a1f40501a43b88daa69f893fe,51322,
TatH@aol.com,31e2ab16d8c46fcd4eba4682834838ce,51323,
LilesG@gmail.com,02fe2b1a1f40501a43b88daa69f893fe,51324,
NgoD@msn.com,7d6bdbb929ef1f5ffab53d561cd99924,51325,
MclachlanB@aol.com,02fe2b1a1f40501a43b88daa69f893fe,51326,
al-AyoobM@aol.com,7d6bdbb929ef1f5ffab53d561cd99924,51327,
MondayR@gmail.com,02fe2b1a1f40501a43b88daa69f893fe,51328,
MaesM@aol.com,7e4143e023d8a7a03408008fff5c29a0,51329,
WillisM@aol.com,ebb1142f48d20fddaff6362984bd8038,51330,
el-SaeedT@gmail.com,02fe2b1a1f40501a43b88daa69f893fe,51331,
PriceV@msn.com,7e4143e023d8a7a03408008fff5c29a0,51332,
AndersonA@aol.com,02fe2b1a1f40501a43b88daa69f893fe,51333,
el-SrourZ@aol.com,31e2ab16d8c46fcd4eba4682834838ce,51334,
HardwellK@gmail.com,31e2ab16d8c46fcd4eba4682834838ce,51335,
JoyA@msn.com,52dcb810931e20f7aa2f49b3510d3805,51336,
QuintanaD@aol.com,52dcb810931e20f7aa2f49b3510d3805,51337,
KentG@aol.com,02fe2b1a1f40501a43b88daa69f893fe,51338,
GarciaE@msn.com,31e2ab16d8c46fcd4eba4682834838ce,51339,
ThorndykeA@aol.com,02fe2b1a1f40501a43b88daa69f893fe,51340,
LanerC@aol.com,7e4143e023d8a7a03408008fff5c29a0,51341,
EagleC@gmail.com,31e2ab16d8c46fcd4eba4682834838ce,51342,
AlireD@msn.com,31e2ab16d8c46fcd4eba4682834838ce,51343,
PeraltoB@aol.com,02fe2b1a1f40501a43b88daa69f893fe,51344,
MillsG@aol.com,7d6bdbb929ef1f5ffab53d561cd99924,51345,
LorM@gmail.com,54b8029c9cee1b323f3b5688cf37deec,51346,
LaraJ@msn.com,68e65e7b2640745a2a3e975a95a17cca,51347,
Esquivel-AcostaS@aol.com,54b8029c9cee1b323f3b5688cf37deec,51348,
al-HaiA@gmail.com,ebb1142f48d20fddaff6362984bd8038,51349,
HoangT@yahoo.com,31e2ab16d8c46fcd4eba4682834838ce,,51350
LaplanteS@yahoo.com,68e65e7b2640745a2a3e975a95a17cca,,51351
ParksK@msn.com,02fe2b1a1f40501a43b88daa69f893fe,,51352
al-ShamsH@gmail.com,68e65e7b2640745a2a3e975a95a17cca,,51353
al-MusaF@aol.com,54b8029c9cee1b323f3b5688cf37deec,,51354
SongerC@yahoo.com,ebb1142f48d20fddaff6362984bd8038,,51355
TovarM@msn.com,02fe2b1a1f40501a43b88daa69f893fe,,51356
al-SamaanR@gmail.com,54b8029c9cee1b323f3b5688cf37deec,,51357
TrujilloS@aol.com,52dcb810931e20f7aa2f49b3510d3805,,51358
ValleranoS@aol.com,7e4143e023d8a7a03408008fff5c29a0,,51359
al-AbdooK@msn.com,31e2ab16d8c46fcd4eba4682834838ce,,51360
MolettL@yahoo.com,7d6bdbb929ef1f5ffab53d561cd99924,,51361
ThurlowS@aol.com,68e65e7b2640745a2a3e975a95a17cca,,51362
Burgos-ContrerasA@gmail.com,68e65e7b2640745a2a3e975a95a17cca,,51363
KiersteadL@msn.com,31e2ab16d8c46fcd4eba4682834838ce,,51364
al-HashemR@yahoo.com,31e2ab16d8c46fcd4eba4682834838ce,,51365
LeeL@aol.com,02fe2b1a1f40501a43b88daa69f893fe,,51366
ReedD@gmail.com,68e65e7b2640745a2a3e975a95a17cca,,51367
HutchinsonT@msn.com,02fe2b1a1f40501a43b88daa69f893fe,,51368
el-PopalK@aol.com,ebb1142f48d20fddaff6362984bd8038,,51369
al-KaiserH@gmail.com,7e4143e023d8a7a03408008fff5c29a0,,51370
WhalenH@msn.com,7d6bdbb929ef1f5ffab53d561cd99924,,51371
GonzalezN@yahoo.com,ebb1142f48d20fddaff6362984bd8038,,51372
al-KarimS@aol.com,7d6bdbb929ef1f5ffab53d561cd99924,,51373
VavakC@gmail.com,52dcb810931e20f7aa2f49b3510d3805,,51374
AlbersS@msn.com,31e2ab16d8c46fcd4eba4682834838ce,,51375
OrnelasV@yahoo.com,54b8029c9cee1b323f3b5688cf37deec,,51376
Lopez LucioI@aol.com,7d6bdbb929ef1f5ffab53d561cd99924,,51377
KazeC@gmail.com,7d6bdbb929ef1f5ffab53d561cd99924,,51378
WhyteM@yahoo.com,31e2ab16d8c46fcd4eba4682834838ce,,51379
al-BachoA@aol.com,68e65e7b2640745a2a3e975a95a17cca,,51380
al-KhalidM@gmail.com,31e2ab16d8c46fcd4eba4682834838ce,,51381
ScheetzE@msn.com,52dcb810931e20f7aa2f49b3510d3805,,51382
HaberthierC@yahoo.com,7e4143e023d8a7a03408008fff5c29a0,,51383
RobinsonO@aol.com,02fe2b1a1f40501a43b88daa69f893fe,,51384
BoatengT@gmail.com,52dcb810931e20f7aa2f49b3510d3805,,51385
HoldenF@msn.com,68e65e7b2640745a2a3e975a95a17cca,,51386
NguyenJ@yahoo.com,7d6bdbb929ef1f5ffab53d561cd99924,,51387
GueretteJ@aol.com,7e4143e023d8a7a03408008fff5c29a0,,51388
ChapmanL@msn.com,31e2ab16d8c46fcd4eba4682834838ce,,51389
CastanedaD@yahoo.com,54b8029c9cee1b323f3b5688cf37deec,,51390
MitchellA@aol.com,68e65e7b2640745a2a3e975a95a17cca,,51391
KabaK@gmail.com,02fe2b1a1f40501a43b88daa69f893fe,,51392
CarterA@msn.com,7e4143e023d8a7a03408008fff5c29a0,,51393
NavajoM@yahoo.com,52dcb810931e20f7aa2f49b3510d3805,,51394
StepnerK@aol.com,7e4143e023d8a7a03408008fff5c29a0,,51395
LeeM@gmail.com,02fe2b1a1f40501a43b88daa69f893fe,,51396
RossM@msn.com,54b8029c9cee1b323f3b5688cf37deec,,51397
MaiL@yahoo.com,54b8029c9cee1b323f3b5688cf37deec,,51398
el-KaleelN@gmail.com,02fe2b1a1f40501a43b88daa69f893fe,,51399
ChoM@msn.com,54b8029c9cee1b323f3b5688cf37deec,,51400
al-JavedT@yahoo.com,52dcb810931e20f7aa2f49b3510d3805,,51401
MartinezP@aol.com,ebb1142f48d20fddaff6362984bd8038,,51402
GonzalesE@gmail.com,02fe2b1a1f40501a43b88daa69f893fe,,51403
WhitesideN@msn.com,68e65e7b2640745a2a3e975a95a17cca,,51404
al-YousefA@yahoo.com,54b8029c9cee1b323f3b5688cf37deec,,51405
WrightD@aol.com,7d6bdbb929ef1f5ffab53d561cd99924,,51406
TampubolonA@gmail.com,ebb1142f48d20fddaff6362984bd8038,,51407
NgoR@msn.com,31e2ab16d8c46fcd4eba4682834838ce,,51408
LeeT@aol.com,31e2ab16d8c46fcd4eba4682834838ce,,51409
DeamB@gmail.com,ebb1142f48d20fddaff6362984bd8038,,51410
NguyenC@msn.com,54b8029c9cee1b323f3b5688cf37deec,,51411
MaterkowskiS@yahoo.com,54b8029c9cee1b323f3b5688cf37deec,,51412
VoorheisW@aol.com,52dcb810931e20f7aa2f49b3510d3805,,51413
HopperD@gmail.com,02fe2b1a1f40501a43b88daa69f893fe,,51414
RafiiS@msn.com,7e4143e023d8a7a03408008fff5c29a0,,51415
HaywardK@yahoo.com,ebb1142f48d20fddaff6362984bd8038,,51416
HuntingtonS@aol.com,02fe2b1a1f40501a43b88daa69f893fe,,51417
FlynnT@gmail.com,68e65e7b2640745a2a3e975a95a17cca,,51418
al-RehmannA@yahoo.com,52dcb810931e20f7aa2f49b3510d3805,,51419
OskarssonS@aol.com,31e2ab16d8c46fcd4eba4682834838ce,,51420
el-YounanA@gmail.com,54b8029c9cee1b323f3b5688cf37deec,,51421
KingstedT@msn.com,7d6bdbb929ef1f5ffab53d561cd99924,,51422
KnissS@yahoo.com,52dcb810931e20f7aa2f49b3510d3805,,51423
BraveT@aol.com,68e65e7b2640745a2a3e975a95a17cca,,51424
BrownA@gmail.com,7d6bdbb929ef1f5ffab53d561cd99924,,51425
WhiteI@msn.com,52dcb810931e20f7aa2f49b3510d3805,,51426
FongK@yahoo.com,31e2ab16d8c46fcd4eba4682834838ce,,51427
BinderB@aol.com,7d6bdbb929ef1f5ffab53d561cd99924,,51428
al-KabirA@msn.com,68e65e7b2640745a2a3e975a95a17cca,,51429
PinedaA@yahoo.com,ebb1142f48d20fddaff6362984bd8038,,51430
SandersT@aol.com,31e2ab16d8c46fcd4eba4682834838ce,,51431
MontoyaE@gmail.com,7e4143e023d8a7a03408008fff5c29a0,,51432
AllisonE@msn.com,7d6bdbb929ef1f5ffab53d561cd99924,,51433
BlancoZ@yahoo.com,68e65e7b2640745a2a3e975a95a17cca,,51434
RudolphP@aol.com,68e65e7b2640745a2a3e975a95a17cca,,51435
VuD@gmail.com,54b8029c9cee1b323f3b5688cf37deec,,51436
SawyerK@msn.com,68e65e7b2640745a2a3e975a95a17cca,,51437
BisonK@yahoo.com,68e65e7b2640745a2a3e975a95a17cca,,51438
WalkerK@gmail.com,68e65e7b2640745a2a3e975a95a17cca,,51439
MartinezJ@msn.com,02fe2b1a1f40501a43b88daa69f893fe,,51440
DuranA@yahoo.com,7e4143e023d8a7a03408008fff5c29a0,,51441
BhattaraiS@aol.com,54b8029c9cee1b323f3b5688cf37deec,,51442
BaptistaB@gmail.com,54b8029c9cee1b323f3b5688cf37deec,,51443
LinscomeL@msn.com,ebb1142f48d20fddaff6362984bd8038,,51444
TukeT@yahoo.com,54b8029c9cee1b323f3b5688cf37deec,,51445
PurvisN@aol.com,ebb1142f48d20fddaff6362984bd8038,,51446
el-FadelS@gmail.com,7e4143e023d8a7a03408008fff5c29a0,,51447
al-SafiS@msn.com,52dcb810931e20f7aa2f49b3510d3805,,51448
WimmerH@gmail.com,68e65e7b2640745a2a3e975a95a17cca,,51449
